Jméno,E-mail,Město,Zdroj
Jana Nováková,jana.novakova@example.com,Praha,web
Ondřej Dvořák,ondrej.dvorak@example.com,Brno,web
Ing. Petr Svoboda,petr.svoboda@example.com,Praha,prodejna
Lucie Černá,lucie.cerna@example.com,Ostrava,web
Eva Procházková,eva.prochazkova@example.com,Plzeň,web
Jakub Kučera,jakub.kucera@example.com,Brno,web
Tereza Veselá,tereza.vesela@example.com,Praha,web
Martin Horák,martin.horak@example.com,Liberec,prodejna
Kateřina Němcová,katerina.nemcova@example.com,Praha,web
Tomáš Marek,tomas.marek@example.com,Olomouc,web
Veronika Pospíšilová,veronika.pospisilova@example.com,Zlín,web
Jiří Pokorný,jiri.pokorny@example.com,Praha,web
Hana Marková,hana.markova@example.com,Brno,prodejna
Josef Král,josef.kral@example.com,České Budějovice,web
Michaela Benešová,michaela.benesova@example.com,Praha,web
David Růžička,david.ruzicka@example.com,Pardubice,web
Petra Fialová,petra.fialova@example.com,Hradec Králové,prodejna
Miroslav Sedláček,miroslav.sedlacek@example.com,Ústí nad Labem,web
Lenka Doležalová,lenka.dolezalova@example.com,Brno,web
Pavel Zeman,pavel.zeman@example.com,Praha,web
Marie Kolářová,marie.kolarova@example.com,Jihlava,web
Lukáš Navrátil,lukas.navratil@example.com,Karlovy Vary,prodejna
Alena Čermáková,alena.cermakova@example.com,Praha,web
Radek Vaněk,radek.vanek@example.com,Brno,web
Simona Bláhová,simona.blahova@example.com,Ostrava,web
Vojtěch Kříž,vojtech.kriz@example.com,Praha,web
Barbora Malá,barbora.mala@example.com,Plzeň,prodejna
Filip Šimek,filip.simek@example.com,Brno,web
Nikola Řezníková,nikola.reznikova@example.com,Praha,web
Adam Urban,adam.urban@example.com,Zlín,web
Klára Sovová,klara.sovova@example.com,Olomouc,web
Daniel Chalupa,daniel.chalupa@example.com,Praha,prodejna
Monika Žáková,monika.zakova@example.com,Liberec,web
Roman Havel,roman.havel@example.com,Brno,web
Zuzana Cimrmanová,zuzana.cimrmanova@example.com,Praha,web
Karel Čapek,karel.capek@example.com,Ostrava,web
Ivana Kratochvílová,ivana.kratochvilova@example.com,Pardubice,prodejna
Vladimír Bureš,vladimir.bures@example.com,Praha,web
Denisa Vlčková,denisa.vlckova@example.com,Brno,web
Zdeněk Musil,zdenek.musil@example.com,Jihlava,web
Andrea Holubová,andrea.holubova@example.com,Praha,web
Marek Konečný,marek.konecny@example.com,Zlín,prodejna
Kristýna Bartošová,kristyna.bartosova@example.com,Brno,web
Ivan Kadlec,ivan.kadlec@example.com,Ostrava,web
Šárka Vávrová,sarka.vavrova@example.com,Praha,web
Ladislav Blažek,ladislav.blazek@example.com,Plzeň,web
Robin Novotný,robin.novotny@example.com,Brno,web
MUDr. Alexandra Dvořáková,alexandra.dvorakova@example.com,Praha,prodejna
,bezjmena@example.com,Praha,web
Sam Bergström,sam.bergstrom@example.com,Praha,import
